{
    "0": {
        "precision": 0.999315693430657,
        "recall": 0.8772527032438927,
        "f1-score": 0.9343143527404564,
        "support": 9988.0
    },
    "1": {
        "precision": 0.00487012987012987,
        "recall": 0.5,
        "f1-score": 0.009646302250803858,
        "support": 12.0
    },
    "accuracy": 0.8768,
    "macro avg": {
        "precision": 0.5020929116503934,
        "recall": 0.6886263516219464,
        "f1-score": 0.4719803274956301,
        "support": 10000.0
    },
    "weighted avg": {
        "precision": 0.9981223587543844,
        "recall": 0.8768,
        "f1-score": 0.9332047510798688,
        "support": 10000.0
    }
}